{"cameraMode":{"drawMode":0,"name":"Shaded","section":"Shading Mode"},"sceneLighting":true,"audioPlay":false,"sceneViewState":{"m_AlwaysRefresh":false,"showFog":true,"showSkybox":true,"showFlares":true,"showImageEffects":true,"showParticleSystems":true,"showVisualEffectGraphs":true,"m_FxEnabled":false},"in2DMode":false,"pivot":{"x":272.0888366699219,"y":-56.813636779785159,"z":76.60063171386719},"rotation":{"x":-0.10113783180713654,"y":0.8814441561698914,"z":-0.21932560205459596,"w":-0.40621936321258547},"size":117.07408905029297,"orthographic":false}