{"cameraMode":{"drawMode":0,"name":"Shaded","section":"Shading Mode"},"sceneLighting":true,"audioPlay":false,"sceneViewState":{"m_AlwaysRefresh":false,"showFog":true,"showSkybox":true,"showFlares":true,"showImageEffects":true,"showParticleSystems":true,"showVisualEffectGraphs":true,"m_FxEnabled":false},"in2DMode":false,"pivot":{"x":338.7086181640625,"y":574.0852661132813,"z":24.662811279296876},"rotation":{"x":-0.013239797204732895,"y":-0.1952202320098877,"z":-0.002635628916323185,"w":0.9806666374206543},"size":503.5279541015625,"orthographic":false}