{"cameraMode":{"drawMode":0,"name":"Shaded","section":"Shading Mode"},"sceneLighting":true,"audioPlay":false,"sceneViewState":{"m_AlwaysRefresh":false,"showFog":true,"showSkybox":true,"showFlares":true,"showImageEffects":true,"showParticleSystems":true,"showVisualEffectGraphs":true,"m_FxEnabled":false},"in2DMode":false,"pivot":{"x":618.5164184570313,"y":12.75484561920166,"z":400.4118347167969},"rotation":{"x":0.040461089462041858,"y":0.9593334794044495,"z":-0.18708515167236329,"w":0.20748160779476167},"size":3.7001564502716066,"orthographic":false}