{"cameraMode":{"drawMode":0,"name":"Shaded","section":"Shading Mode"},"sceneLighting":true,"audioPlay":false,"sceneViewState":{"m_AlwaysRefresh":false,"showFog":true,"showSkybox":true,"showFlares":true,"showImageEffects":true,"showParticleSystems":true,"showVisualEffectGraphs":true,"m_FxEnabled":false},"in2DMode":false,"pivot":{"x":584.4334106445313,"y":10.123941421508789,"z":396.418212890625},"rotation":{"x":0.14186014235019685,"y":0.16200315952301026,"z":-0.023735759779810907,"w":0.976494550704956},"size":19.022422790527345,"orthographic":false}